{
  "p50": 1.3747215270996094,
  "p95": 1.6632080078125,
  "p99": 1.9011497497558594,
  "all": [
    1.10626220703125,
    1.1265277862548828,
    1.1992454528808594,
    1.1997222900390625,
    1.203775405883789,
    1.2047290802001953,
    1.2049674987792969,
    1.2078285217285156,
    1.2111663818359375,
    1.2135505676269531,
    1.2145042419433594,
    1.2209415435791016,
    1.2311935424804688,
    1.24359130859375,
    1.2459754943847656,
    1.256704330444336,
    1.2784004211425781,
    1.2950897216796875,
    1.2989044189453125,
    1.3120174407958984,
    1.314401626586914,
    1.3158321380615234,
    1.3413429260253906,
    1.3613700866699219,
    1.3654232025146484,
    1.3747215270996094,
    1.3799667358398438,
    1.3833045959472656,
    1.3859272003173828,
    1.3887882232666016,
    1.4026165008544922,
    1.40380859375,
    1.428842544555664,
    1.4445781707763672,
    1.4500617980957031,
    1.4743804931640625,
    1.4765262603759766,
    1.4789104461669922,
    1.4810562133789062,
    1.4905929565429688,
    1.501321792602539,
    1.5213489532470703,
    1.5649795532226562,
    1.5766620635986328,
    1.5869140625,
    1.6100406646728516,
    1.6422271728515625,
    1.6632080078125,
    1.714468002319336,
    1.9011497497558594
  ]
}